filename,prediction,confidence
digit_0.png,0,0.9999860525131226
digit_1.png,1,0.9999779462814331
digit_2.png,2,1.0
digit_3.png,3,0.6163417100906372
digit_4.png,4,0.9999643564224243
digit_5.png,6,0.7006159424781799
digit_6.png,6,0.9999946355819702
digit_7.png,7,0.9999905824661255
digit_8.png,8,0.9999991655349731
digit_9.png,9,0.997229278087616
